{
  "overall": {
    "mape": 0.22417558479122726,
    "rmse": 8.59165640989792,
    "bias": -0.24023235617874641,
    "resid_std": 8.5882971700323,
    "train_rows": 128400,
    "val_rows": 12000
  },
  "per_category": {
    "beverages": {
      "mape": 0.1798021392863685,
      "rmse": 13.247362267592857,
      "bias": -0.26682786020737,
      "n": 2400
    },
    "dairy": {
      "mape": 0.1608393423271177,
      "rmse": 9.15023179787757,
      "bias": -0.7327938097790498,
      "n": 2400
    },
    "deli": {
      "mape": 0.2884756065318419,
      "rmse": 5.166652944972895,
      "bias": -0.04804547855099166,
      "n": 1440
    },
    "fresh_produce": {
      "mape": 0.462043506091436,
      "rmse": 8.413631569696232,
      "bias": 0.03477253454506017,
      "n": 2400
    },
    "packaged_food": {
      "mape": 0.10364826595150636,
      "rmse": 4.05829596031388,
      "bias": -0.14820382737269808,
      "n": 3360
    }
  },
  "feature_importance": {
    "roll_mean_28": 0.8229941148741723,
    "roll_mean_7": 0.02978858857319005,
    "is_holiday": 0.029334901605720748,
    "is_weekend": 0.028213453300386545,
    "dow": 0.02800847764986029,
    "is_promo": 0.018150464469323203,
    "temperature_c": 0.010727934576886863,
    "dom": 0.005346073669061938,
    "lag_14": 0.005200973193760741,
    "lag_28": 0.005011909579644456,
    "lag_7": 0.004938719785476863,
    "lag_1": 0.004579849565396654,
    "sku_idx": 0.0036145828495013853,
    "store_idx": 0.0023523004106948252,
    "month": 0.0017376558969233102
  },
  "model": "RandomForestRegressor",
  "n_estimators": 50
}